position,damage_done,healing_done
dps,739808.1367901234,75441.61728395062
healer,16376.323278688526,509133.08196721313
tank,316148.96675675677,0.0
